f,d70,d78,d74,d7C
2166,0,0,0,0
2167,40960,193,46281,5
2168,40962,192,46282,5
2169,40962,191,46282,5
2170,40962,190,46282,5
2171,40962,189,46282,5
2172,40963,188,46283,5
2173,40963,187,46283,5
2174,40963,186,46283,5
2175,40963,185,46283,5
2176,40964,184,46284,5
2177,40964,183,46284,5
2178,40964,182,46284,5
2179,40964,181,46284,5
2180,40965,180,46285,5
2181,40965,179,46285,5
2182,40965,178,46285,5
2183,40965,177,46285,5
2184,40967,176,46286,5
2185,40967,175,46286,5
2186,40967,174,46286,5
2187,40967,173,46286,5
2188,40968,172,46287,5
2189,40968,171,46287,5
2190,40968,170,46287,5
2191,40968,169,46287,5
2192,40960,168,46281,5
2193,40960,167,46281,5
2194,40960,166,46281,5
2195,40960,165,46281,5
2196,40962,164,46282,5
2197,40962,163,46282,5
2198,40962,162,46282,5
2199,40962,161,46282,5
2200,40963,160,46283,5
2201,40963,159,46283,5
2202,40963,158,46283,5
2203,40963,157,46283,5
2204,40964,156,46284,5
2205,40964,155,46284,5
2206,40964,154,46284,5
2207,40964,153,46284,5
2208,40965,152,46285,5
2209,40965,151,46285,5
2210,40965,150,46285,5
2211,40965,149,46285,5
2212,40967,148,46286,5
2213,40967,147,46286,5
2214,40967,146,46286,5
2215,40967,145,46286,5
2216,40968,144,46287,5
2217,40968,143,46287,5
2218,40968,142,46287,5
2219,40968,141,46287,5
2220,40960,140,46281,5
2221,40960,139,46281,5
2222,40960,138,46281,5
2223,40960,137,46281,5
2224,40962,136,46282,5
2225,40962,135,46282,5
2226,40962,134,46282,5
2227,40962,133,46282,5
2228,40963,132,46283,5
2229,40963,131,46283,5
2230,40963,130,46283,5
2231,40963,129,46283,5
2232,40964,128,46284,5
2233,40964,127,46284,5
2234,40964,126,46284,5
2235,40964,125,46284,5
2236,40965,124,46285,5
2237,40965,123,46285,5
2238,40965,122,46285,5
2239,40965,121,46285,5
2240,40967,120,46286,5
2241,40967,119,46286,5
2242,40967,118,46286,5
2243,40967,117,46286,5
2244,40968,116,46287,5
2245,40968,115,46287,5
2246,40968,114,46287,5
2247,40968,113,46287,5
2248,40960,112,46281,5
2249,40960,111,46281,5
2250,40960,110,46281,5
2251,40960,109,46281,5
2252,40962,108,46282,5
2253,40962,107,46282,5
2254,40962,106,46282,5
2255,40962,105,46282,5
2256,40963,104,46283,5
2257,40963,103,46283,5
2258,40963,102,46283,5
2259,40963,101,46283,5
2260,40964,100,46284,5
2261,40964,99,46284,5
2262,40964,98,46284,5
2263,40964,97,46284,5
2264,40965,96,46285,5
2265,40965,95,46285,5
2266,40965,94,46285,5
2267,40965,93,46285,5
2268,40967,92,46286,5
2269,40967,91,46286,5
2270,40967,90,46286,5
2271,40967,89,46286,5
2272,40968,88,46287,5
2273,40968,87,46287,5
2274,40968,86,46287,5
2275,40968,85,46287,5
2276,40960,84,46281,5
2277,40960,83,46281,5
2278,40960,82,46281,5
2279,40960,81,46281,5
2280,40962,80,46282,5
2281,40962,79,46282,5
2282,40962,78,46282,5
2283,40962,77,46282,5
2284,40963,76,46283,5
2285,40963,75,46283,5
2286,40963,74,46283,5
2287,40963,73,46283,5
2288,40964,72,46284,5
2289,40964,71,46284,5
2290,40964,70,46284,5
2291,40964,69,46284,5
2292,40965,68,46285,5
2293,40965,67,46285,5
2294,40965,66,46285,5
2295,40965,65,46285,5
2296,40967,64,46286,5
2297,40967,63,46286,5
2298,40967,62,46286,5
2299,40967,61,46286,5
2300,40968,60,46287,5
2301,40968,59,46287,5
2302,40968,58,46287,5
2303,40968,57,46287,5
2304,40960,56,46281,5
2305,40960,55,46281,5
2306,40960,54,46281,5
2307,40960,53,46281,5
2308,40962,52,46282,5
2309,40962,51,46282,5
2310,40962,50,46282,5
2311,40962,49,46282,5
2312,40963,48,46283,5
2313,40963,47,46283,5
2314,40963,46,46283,5
2315,40963,45,46283,5
2316,40964,44,46284,5
2317,40964,43,46284,5
2318,40964,42,46284,5
2319,40964,41,46284,5
2320,40965,40,46285,5
2321,40965,39,46285,5
2322,40965,38,46285,5
2323,40965,37,46285,5
2324,40967,36,46286,5
2325,40967,35,46286,5
2326,40967,34,46286,5
2327,40967,33,46286,5
2328,40968,32,46287,5
2329,40968,31,46287,5
2330,40968,30,46287,5
2331,40968,29,46287,5
2332,40960,28,46281,5
2333,40960,27,46281,5
2334,40960,26,46281,5
2335,40960,25,46281,5
2336,40962,24,46282,5
2337,40962,23,46282,5
2338,40962,22,46282,5
2339,40962,21,46282,5
2340,40963,20,46283,5
2341,40963,19,46283,5
2342,40963,18,46283,5
2343,40963,17,46283,5
2344,40964,16,46284,5
2345,40964,15,46284,5
2346,40964,14,46284,5
2347,40964,13,46284,5
2348,40965,12,46285,5
2349,40965,11,46285,5
2350,40965,10,46285,5
2351,40965,9,46285,5
2352,40967,8,46286,5
2353,40967,7,46286,5
2354,40967,6,46286,5
2355,40967,5,46286,5
2356,40968,4,46287,5
2357,40968,3,46287,5
2358,40968,2,46287,5
2359,40968,1,46287,5
2360,40960,0,46281,5
2361,40960,65535,46281,5
2362,40960,65534,46281,5
2363,40960,65533,46281,5
2364,40962,65532,46282,5
2365,40962,65531,46282,5
2366,40962,65530,46282,5
2367,40962,65529,46282,5
2368,40963,65528,46283,5
2369,40963,65527,46283,5
2370,40963,65526,46283,5
2371,40963,65525,46283,5
2372,40964,65524,46284,5
2373,40964,65523,46284,5
2374,40964,65522,46284,5
2375,40964,65521,46284,5
2376,40965,65520,46285,5
2377,32773,64,46285,5
2378,32773,63,46285,5
2379,32773,62,46285,5
2380,32773,61,46285,5
2381,32773,60,46285,5
2382,32773,59,46285,5
2383,32773,58,46285,5
2384,32773,57,46285,5
2385,32773,56,46285,5
2386,32773,55,46285,5
2387,32773,54,46285,5
2388,32773,53,46285,5
2389,32773,52,46285,5
2390,32773,51,46285,5
2391,32773,50,46285,5
2392,32773,49,46285,5
2393,32773,48,46285,5
2394,32773,47,46285,5
2395,32773,46,46285,5
2396,32773,45,46285,5
2397,32773,44,46285,5
2398,32773,43,46285,5
2399,32773,42,46285,5
2400,32773,41,46285,5
2401,32773,40,46285,5
2402,32773,39,46285,5
2403,32773,38,46285,5
2404,32773,37,46285,5
2405,32773,36,46285,5
2406,32773,35,46285,5
2407,32773,34,46285,5
2408,32773,33,46285,5
2409,32773,32,46285,5
2410,32773,31,46285,5
2411,32773,30,46285,5
2412,32773,29,46285,5
2413,32773,28,46285,5
2414,32773,27,46285,5
2415,32773,26,46285,5
2416,32773,25,46285,5
2417,32773,24,46285,5
2418,32773,23,46285,5
2419,32773,22,46285,5
2420,32773,21,46285,5
2421,32773,20,46285,5
2422,32773,19,46285,5
2423,32773,18,46285,5
2424,32773,17,46285,5
2425,32773,16,46285,5
2426,32773,15,46285,5
2427,32773,14,46285,5
2428,32773,13,46285,5
2429,32773,12,46285,5
2430,32773,11,46285,5
2431,32773,10,46285,5
2432,32773,9,46285,5
2433,32773,8,46285,5
2434,32773,7,46285,5
2435,32773,6,46285,5
2436,32773,5,46285,5
2437,32773,4,46285,5
2438,32773,3,46285,5
2439,32773,2,46285,5
2440,32773,1,46285,5
2441,32773,0,46285,5
2442,49157,0,46285,5
2443,49157,0,46285,5
2444,49157,0,46285,5
2445,49157,0,46285,5
2446,49157,0,46285,5
2447,49157,0,46285,5
2448,49157,0,46285,5
2449,49157,0,46285,5
2450,49157,0,46285,5
